<beans xmlns="http://www.springframework.org/schema/beans"
    xmlns:xsi="http://www.w3.org/2001/XMLSchema-instance"
    xmlns:context="http://www.springframework.org/schema/context"
    xsi:schemaLocation="http://www.springframework.org/schema/beans
    http://www.springframework.org/schema/beans/spring-beans-2.5.xsd
    http://www.springframework.org/schema/context
	http://www.springframework.org/schema/context/spring-context-2.5.xsd">

	<context:annotation-config />
		
	<bean id="movie5" class="com.siemens.spring.core.Movie">
		<property name="id" value="100"/>
		<property name="name" value="Movie"/>
		<property name="price" value="299"/>
	</bean>	
	<bean id="movie6" class="com.siemens.spring.core.Movie">
		<property name="id" value="200"/>
		<property name="name" value="Movie1"/>
		<property name="price" value="399"/>
	</bean>	
	<bean id="theatre" class="com.siemens.spring.core.Theatre">
		<property name="id" value="500"/>
		<property name="name" value="TheatreName"/>
		<property name="location" value="E-City"/>
	</bean>	
</beans>	

