<beans xmlns="http://www.springframework.org/schema/beans"
    xmlns:xsi="http://www.w3.org/2001/XMLSchema-instance"
    xmlns:context="http://www.springframework.org/schema/context"
    xmlns:tx="http://www.springframework.org/schema/tx"
    xsi:schemaLocation="http://www.springframework.org/schema/beans
    http://www.springframework.org/schema/beans/spring-beans-2.5.xsd
    http://www.springframework.org/schema/context
	http://www.springframework.org/schema/context/spring-context-2.5.xsd
	http://www.springframework.org/schema/tx
	http://www.springframework.org/schema/tx/spring-tx-2.5.xsd">

	<context:annotation-config />
	
	<tx:annotation-driven/>
	
	
	<!-- 1. register database information -->
	
	<!-- org.springframework.jdbc.datasource.
	DriverManagerDataSource -->
	
	<bean id="dataSource" 
	class="org.springframework.jdbc.datasource.DriverManagerDataSource">
		<property name="driverClassName" 
			value="com.mysql.jdbc.Driver"/>
		<property name="url" 
			value="jdbc:mysql://localhost:3306/siemensdb1"/>
		<property name="username" value="root"/>
		<property name="password" value="password"/>		
	</bean>
	
		
	<!-- Spring with Hibernate Integration  -->
	
	<!-- 1. Data Source registration -->
	
	<!-- 2. Session Factory registration-->
	
	<bean id="sessionFactory" 
	class="org.springframework.orm.hibernate4.LocalSessionFactoryBean">
		<property name="dataSource" ref="dataSource"/>
		 <property name="packagesToScan" value="com.siemens.spring.core" />
		<property name="hibernateProperties">
			<props>
        		<prop key="hibernate.show_sql">true</prop>
        		<prop key="hibernate.hbm2ddl.auto">update</prop>
        		<prop key="hibernate.dialect">org.hibernate.dialect.MySQLDialect</prop>
		    </props>
		</property>		
	</bean>
	
	<!-- 3. register the Transaction Manager -->
	<!-- org.springframework.orm.hibernate4.
	HibernateTransactionManager
	 -->	
	<bean id="transactionManager" 
		class="org.springframework.orm.hibernate4.HibernateTransactionManager">
		<property name="sessionFactory" ref="sessionFactory"/>
	</bean>
	
	<!-- . Inject sessionFactory to DAO classes,
	Here StockDAO is our DAO class -->
	
	<bean id="userDAO" 
			class="com.siemens.spring.dao.UserDAOImpl">
		<property name="sessionFactory" 
							ref="sessionFactory"/>
	</bean>
	
	<bean id="userService" 
	class="com.siemens.spring.service.UserServiceImpl">
		<property name="userDAO" ref="userDAO"/>
	</bean>
	
</beans>	

