<?xml version="1.0" encoding="UTF-8"?>
<beans xmlns="http://www.springframework.org/schema/beans"
	xmlns:xsi="http://www.w3.org/2001/XMLSchema-instance"
	xsi:schemaLocation="http://www.springframework.org/schema/beans
	http://www.springframework.org/schema/beans/spring-beans-2.5.xsd">

	<bean id="customer" 
		class="com.siemens.spring.aop.Customer">
		<property name="name" value="Siemens"/>
		<property name="url" value="www.siemens.com"/>
	</bean>

	<!-- Before Aspect -->
	<bean id="customerBeforeAspect" 
		class="com.siemens.spring.aop.CustomerBeforeAspect">
	</bean>
	
	<bean id="customerBeforeProxy"
		class="org.springframework.aop.framework.ProxyFactoryBean">		
		<property name="target" ref="customer"/>
		<property name="interceptorNames">
			<list>
				<value>customerBeforeAspect</value>				
			</list>
		</property>
	
	</bean>
	
	<!-- After Return Aspect -->
	
	<bean id="customerAfterAspect"
	class="com.siemens.spring.aop.CustomerAfterAspect"/>
	
	<bean id="customerAfterReturnProxy"
		class="org.springframework.aop.framework.ProxyFactoryBean">		
		<property name="target" ref="customer"/>
		<property name="interceptorNames">
			<list>
				<value>customerAfterAspect</value>				
			</list>
		</property>
	
	</bean>
	
	<!-- Multiple Aspects can be injected -->
	<bean id="customerBeforeAndAfterReturnProxy"
		class="org.springframework.aop.framework.ProxyFactoryBean">		
		<property name="target" ref="customer"/>
		<property name="interceptorNames">
			<list>
				<value>customerBeforeAspect</value>
				<value>customerAfterAspect</value>				
			</list>
		</property>
	
	</bean>

<!-- Throws Advice-->	
	
	<bean id="customerThrowsAspect"
	class="com.siemens.spring.aop.CustomerThrowsAspect"/>
	
	
	<bean id="customerBeforeAfterThrowsProxy"
		class="org.springframework.aop.framework.ProxyFactoryBean">		
		<property name="target" ref="customer"/>
		<property name="interceptorNames">
			<list>
				<value>customerBeforeAspect</value>
				<value>customerAfterAspect</value>
				<value>customerThrowsAspect</value>				
			</list>
		</property>
	
	</bean>
	
	<!-- Example of Point cut -->	
	<!-- will decides at which join point 
	which aspect needs to be plugged-in -->
	
	<!-- Requirement:
	customerAfterAspect should be called only for 
	printName() method -->
	
<!-- org.springframework.aop.support.
NameMatchMethodPointcut -->

	<bean id="customerPrintNamePointcut" 
	class="org.springframework.aop.support.NameMatchMethodPointcut">
		<property name="mappedName" value="printName" />
	</bean>
	
	<!-- advisor = pointcut + advice -->
	
<!-- org.springframework.aop.support.
DefaultPointcutAdvisor -->
	<bean id="customerAfterAdvisor" 
	class="org.springframework.aop.support.DefaultPointcutAdvisor">
		<property name="pointcut" ref="customerPrintNamePointcut" />
		<property name="advice" ref="customerAfterAspect" />
	</bean>
		
	<bean id="customerAfterPCPrintName"
		class="org.springframework.aop.framework.ProxyFactoryBean">		
		<property name="target" ref="customer"/>
		<property name="interceptorNames">
			<list>
				<value>customerAfterAdvisor</value>				
			</list>
		</property>
	
	</bean>
	
	
	
	
	
	
	
	
	
	
	
	
	
	
	
	
</beans>