<?xml version="1.0" encoding="UTF-8"?>

<beans xmlns="http://www.springframework.org/schema/beans"
    xmlns:xsi="http://www.w3.org/2001/XMLSchema-instance"
    xmlns:context="http://www.springframework.org/schema/context"
    xsi:schemaLocation="http://www.springframework.org/schema/beans
    http://www.springframework.org/schema/beans/spring-beans-3.0.xsd
    http://www.springframework.org/schema/context
	http://www.springframework.org/schema/context/spring-context-3.0.xsd">
    
	<context:annotation-config />
	
	<!-- or  
	<bean 
class="org.springframework.beans.factory.annotation.RequiredAnnotationBeanPostProcessor"/>

<bean 
class="org.springframework.beans.factory.annotation.AutowiredAnnotationBeanPostProcessor"	/>
	 -->
 
	<bean id="CustomerBean"  class="com.dependencycheck.annotation.required.Customer">
		<property name="action" value="buy" />
		<property name="type" value="1" />
		
	</bean>
 
	<bean id="personBean" class="com.dependencycheck.annotation.required.Person">
		<property name="name" value="anil" />
		
		<property name="age" value="29" />
	</bean>

	<bean id="personBean1" class="com.dependencycheck.annotation.required.Person">
		<property name="name" value="anotherperson" />
		
		<property name="age" value="56" />
	</bean>

</beans>